<?xml version="1.0"?>
<chartdata>
<col0>
<source></source>
<host></host>
<user></user>
<password></password>
<db></db>
<sql></sql>
    <type></type>
    <xaxis></xaxis>
    <yaxis></yaxis>
<bubblesize></bubblesize>
<bubbletext></bubbletext>
<title></title><orientation></orientation><name></name><xaxistitle></xaxistitle><yxaxistitle/><yaxistitle></yaxistitle><height></height><width></width><showgrid></showgrid><showline></showline><tracename/><tracename/>
<rdbms></rdbms>
</col0>
<col1>
<source></source>
<host></host>
<user></user>
<password></password>
<db></db>
<sql></sql>
<type></type>
    <xaxis></xaxis>
    <yaxis></yaxis>
<bubblesize></bubblesize>
<bubbletext></bubbletext>
<title></title><orientation></orientation><name></name><xaxistitle></xaxistitle><yxaxistitle/><yaxistitle></yaxistitle><height></height><width></width><showgrid></showgrid><showline></showline><tracename/><tracename/>
<rdbms></rdbms>
</col1>
<col2>
<source></source>
<host></host>
<user></user>
<password></password>
<db></db>
<sql></sql>
    <type></type>
    <xaxis></xaxis>
    <yaxis></yaxis>
<bubblesize></bubblesize>
<bubbletext></bubbletext>
<title></title><orientation></orientation><name></name><xaxistitle></xaxistitle><yxaxistitle/><yaxistitle></yaxistitle><height></height><width></width><showgrid></showgrid><showline></showline><tracename/><tracename/>
<rdbms></rdbms>
</col2>
<col3>
<source></source>
<host></host>
<user></user>
<password></password>
<db></db>
<sql></sql>
<type></type>
    <xaxis></xaxis>
    <yaxis></yaxis>
<bubblesize></bubblesize>
<bubbletext></bubbletext>
<title></title><orientation></orientation><name></name><xaxistitle></xaxistitle><yxaxistitle/><yaxistitle></yaxistitle><height></height><width></width><showgrid></showgrid><showline></showline><tracename/><tracename/>
<rdbms></rdbms>
</col3>
</chartdata>
